{"color": [13.184674479166667, 58.18381510416667, 165.18157552083332], "shape": 10, "texture": 5.291705729166667}